{
  "posts": [
    { "Name": "Ujjwal", "ContactDetail": "ujjwal@learner.com", "author": "typicode" },
    { "Name": "Prateek", "ContactDetail": "prateek@learner.com", "author": "typicode" },
    { "Name": "Ruchi", "ContactDetail": "ruchi@learner.com", "author": "typicode" },
    { "Name": "Alma", "ContactDetail": "alma@learner.com", "author": "typicode" },
    { "Name": "David", "ContactDetail": "david@learner.com", "author": "typicode" },
    { "Name": "Ana", "ContactDetail": "ana@learner.com", "author": "typicode" },
    { "Name": "Liza", "ContactDetail": "liza@learner.com", "author": "typicode" },
    { "Name": "Suchi", "ContactDetail": "suchi@learner.com", "author": "typicode" },
    { "Name": "Ketan", "ContactDetail": "ketan@learner.com", "author": "typicode" }
  ]
}